{"min":1.9174156,"max":189.29204,"vals":[2,3,4,7,12,18,37,70,130,88,77,67,68,80,75,60,44,31,24,19,2,3,4,7,9,21,48,95,189,80,67,60,66,70,63,53,36,29,23,20,3,3,4,5,6,13,30,73,101,77,57,54,56,60,62,61,39,31,26,21,2,3,4,4,5,8,20,48,65,71,47,44,42,46,49,44,34,32,26,26,3,3,3,4,5,6,12,24,41,45,38,44,33,33,42,42,34,30,26,23,3,3,3,4,6,8,10,16,28,28,24,30,28,24,32,35,29,30,29,24,3,2,3,4,6,7,9,14,17,17,18,25,23,21,27,29,26,26,26,23,3,2,3,5,7,7,8,13,17,15,15,17,17,15,22,25,20,21,19,17,3,2,4,6,8,8,7,12,14,13,12,15,15,13,23,24,18,18,20,16,3,3,4,6,8,9,7,9,10,11,9,11,13,12,13,21,18,18,19,16,3,3,4,5,8,9,6,8,11,10,9,10,10,11,12,16,21,18,21,20,4,4,4,5,7,7,6,7,9,9,8,9,9,13,12,13,20,22,22,26,4,4,5,5,6,6,6,8,9,8,7,8,9,12,12,13,17,17,17,18,4,4,5,5,5,6,6,8,8,7,7,8,9,10,12,15,16,15,14,14,4,5,5,5,5,5,5,6,6,7,7,7,8,11,11,14,16,16,15,15,5,6,6,5,4,4,6,5,5,6,6,6,7,11,12,14,16,16,16,16,5,6,5,5,4,4,4,4,5,7,6,5,7,10,12,15,16,16,17,31,5,5,5,4,3,3,3,4,4,5,5,6,8,11,15,19,18,17,17,27,6,5,4,3,3,3,3,3,3,4,6,9,9,13,18,21,20,18,19,24,4,3,3,3,3,5,4,5,4,5,8,10,11,15,18,22,21,19,20,23,2,3,4,8,12,17,36,68,115,79,69,61,63,70,67,56,40,26,20,15,3,3,4,7,9,22,48,91,158,69,59,55,61,63,58,48,32,25,20,16,3,3,4,5,6,13,30,71,93,67,50,49,52,53,55,53,34,27,23,18,2,3,4,5,5,8,20,45,57,64,43,40,40,41,43,40,31,28,23,23,3,3,4,5,5,6,12,26,39,37,35,38,31,33,39,37,29,25,22,19,3,3,4,5,5,8,10,16,28,25,22,27,26,26,32,31,25,26,25,20,3,2,4,5,6,7,9,14,17,17,17,22,22,22,27,26,23,23,23,21,3,2,3,5,7,7,8,13,17,15,15,18,19,17,23,23,18,19,18,16,3,2,4,6,8,8,7,12,14,13,13,16,17,15,23,22,16,17,17,15,3,3,4,6,8,9,7,9,11,12,10,12,14,13,15,23,17,17,17,15,3,3,4,5,8,9,6,8,11,11,9,10,10,12,13,18,20,17,19,19,3,4,5,5,7,7,6,7,10,10,9,10,9,13,13,14,20,20,20,24,4,4,5,6,6,6,6,8,9,9,8,9,9,12,12,14,19,17,17,18,4,5,5,5,5,5,6,8,8,8,8,9,9,10,11,15,18,16,15,16,4,5,6,5,5,5,5,6,6,7,7,7,8,10,11,15,17,17,16,16,5,6,6,5,4,4,5,4,5,6,6,5,7,10,12,16,18,17,17,16,5,6,6,5,4,4,4,4,5,6,6,5,7,10,13,16,18,17,17,26,5,6,5,4,4,3,4,4,4,5,5,6,8,11,15,18,18,17,17,24,5,5,5,4,3,3,3,3,3,4,6,9,9,13,17,19,19,17,18,23,4,4,4,4,4,5,5,5,5,5,8,10,11,15,17,20,19,18,19,22,2,3,4,8,12,16,35,65,99,69,62,56,57,60,58,50,34,21,16,12,3,3,4,7,9,23,48,85,127,57,52,50,54,55,52,42,28,21,16,13,3,3,4,5,6,14,32,68,84,55,43,44,47,46,46,43,28,22,18,14,2,3,4,5,5,8,19,43,50,54,38,36,37,37,37,34,27,23,19,19,3,3,4,5,5,7,12,28,38,31,31,32,29,32,34,31,25,22,19,16,4,3,4,5,5,8,11,20,28,23,21,24,24,27,30,28,22,22,21,16,3,2,4,5,6,7,9,14,19,18,17,20,21,23,26,23,20,20,20,18,4,2,4,6,7,7,8,14,18,15,15,19,20,19,23,20,16,17,16,15,3,3,4,7,8,7,7,12,15,13,13,16,19,17,23,20,15,16,16,14,3,3,4,6,8,9,7,9,13,12,10,12,15,15,16,22,16,16,16,14,3,4,4,5,7,9,6,8,11,12,9,11,10,13,15,20,19,16,17,18,4,4,5,6,6,7,5,7,10,10,9,10,10,14,15,17,19,18,18,22,4,5,5,6,6,6,6,8,9,9,8,9,9,12,13,15,20,17,16,18,5,5,5,6,5,6,7,8,8,8,8,8,9,9,11,15,19,17,16,16,5,5,5,5,5,5,6,6,6,7,7,7,8,9,12,16,18,18,17,16,5,6,6,5,5,5,5,4,5,5,6,5,7,9,13,17,19,18,18,17,6,6,6,5,5,5,4,5,5,6,6,5,7,9,13,17,19,18,18,23,6,6,6,4,4,4,4,4,4,5,5,6,8,11,14,18,19,17,17,22,5,6,5,4,3,3,4,4,3,4,5,8,9,12,16,18,18,17,17,21,5,5,5,5,4,4,5,5,5,5,7,9,11,14,16,18,18,17,17,20,2,3,5,8,13,16,34,53,78,55,55,50,49,49,48,41,27,17,14,10,3,3,5,7,8,25,48,71,85,46,47,44,46,48,45,35,24,17,13,10,3,3,5,5,6,13,34,64,68,42,39,40,42,42,40,33,22,17,14,11,3,3,5,5,5,8,18,43,45,39,30,32,34,35,34,29,23,18,15,14,3,3,4,5,5,7,12,29,37,27,26,28,28,30,29,26,22,18,15,13,4,3,4,5,6,8,11,24,28,21,19,22,24,26,26,23,19,17,15,12,4,3,4,6,7,9,12,16,21,19,17,20,22,23,24,20,18,17,15,14,4,3,4,6,8,8,11,16,19,15,15,19,21,21,22,19,15,16,15,13,4,3,5,7,8,9,8,13,15,13,12,16,20,19,20,19,15,15,15,14,4,3,5,7,9,9,8,10,13,13,10,13,17,18,19,20,16,15,15,14,3,4,5,6,8,9,7,8,11,12,10,11,14,18,19,21,18,16,16,16,4,4,6,7,8,8,8,9,10,10,9,10,12,15,18,20,18,16,16,20,4,5,6,7,6,7,9,9,9,9,8,9,10,12,16,17,19,16,15,17,5,5,6,6,6,6,9,8,8,8,8,8,9,9,12,16,20,17,15,15,5,5,5,5,5,6,7,7,6,7,7,7,8,10,12,17,19,18,16,15,6,6,6,6,6,6,6,5,5,6,6,6,7,10,13,18,19,18,17,16,6,6,6,6,6,6,5,6,6,6,6,5,7,10,14,18,19,18,17,20,6,6,6,5,5,4,4,5,4,5,5,6,7,10,14,18,18,17,17,20,6,6,6,5,5,4,4,4,3,4,5,7,9,12,15,18,18,17,17,19,5,5,5,5,5,5,7,6,5,5,7,9,10,13,15,17,18,17,16,18,2,3,4,8,13,17,33,49,63,50,51,47,44,42,41,36,24,16,13,10,3,3,5,7,8,25,48,66,67,42,45,42,44,45,40,31,22,16,12,10,3,3,5,5,6,11,32,60,54,38,38,39,41,41,38,29,19,15,12,10,3,3,5,5,5,8,18,42,43,34,30,31,34,35,33,26,19,15,13,12,3,3,4,5,5,7,13,31,36,27,24,27,28,29,28,24,19,15,13,12,4,3,4,5,6,8,13,24,27,21,19,23,26,25,25,21,17,14,13,12,4,3,4,5,7,9,12,19,22,19,17,22,23,24,23,19,16,15,14,13,4,3,5,6,8,9,12,17,19,17,16,20,22,23,22,19,15,15,15,13,4,3,5,7,8,10,10,13,15,13,12,17,20,21,21,19,15,14,15,13,4,4,5,7,9,9,10,12,13,13,10,14,17,19,20,20,16,15,15,14,4,4,5,7,9,10,10,10,11,12,9,11,15,18,20,21,18,15,16,15,4,4,6,7,9,9,9,9,10,10,9,10,13,16,19,21,18,15,15,19,4,5,6,8,8,8,9,9,9,9,8,9,10,14,17,19,19,16,15,16,4,5,6,7,7,7,9,8,8,8,8,8,9,12,14,17,20,17,15,15,5,6,6,6,6,7,8,7,7,8,7,7,8,11,14,18,20,17,16,15,6,6,7,6,6,6,6,6,7,7,7,6,7,10,13,18,19,17,16,15,6,6,6,6,6,6,6,6,6,7,6,6,7,10,14,18,18,18,17,19,6,6,6,6,5,5,5,5,5,5,5,6,7,10,14,18,18,17,17,20,6,6,5,5,5,5,5,4,3,4,5,7,9,12,15,17,17,16,17,19,5,5,5,5,5,6,6,5,5,5,6,9,10,12,15,17,17,16,16,18,2,3,4,8,13,17,33,47,57,48,49,45,40,36,35,32,22,14,12,10,3,3,4,7,8,23,44,63,62,42,45,41,42,41,36,29,20,15,12,10,3,3,4,5,6,11,30,59,51,39,39,39,41,40,36,28,19,15,12,10,3,3,5,5,5,7,17,43,44,35,31,32,34,36,32,25,18,15,12,11,3,3,4,5,5,6,14,31,36,27,24,28,29,30,28,23,18,15,13,11,4,3,4,5,6,8,13,24,26,22,19,24,27,25,24,20,17,14,13,12,4,3,4,5,7,9,12,19,23,20,17,23,25,24,23,19,16,15,14,13,4,3,5,6,7,9,12,16,20,17,16,20,22,23,22,19,15,15,15,14,4,4,5,7,8,10,12,13,15,13,12,17,20,22,21,19,15,14,14,13,4,4,5,7,8,9,11,11,12,13,11,14,18,20,21,20,16,15,14,13,4,4,5,7,9,9,10,10,10,11,9,12,15,18,20,21,18,15,15,15,4,4,6,7,9,9,9,9,9,10,9,10,13,15,19,21,18,15,15,18,4,4,6,8,9,9,9,9,9,9,8,9,11,14,17,20,19,16,14,16,4,5,7,8,8,8,9,8,8,8,8,8,9,13,16,18,20,17,15,14,5,6,7,7,7,8,8,7,7,8,7,7,8,12,14,18,20,17,16,14,5,6,7,7,7,7,7,6,7,7,7,6,7,10,13,18,19,17,16,15,6,6,6,6,6,6,6,6,7,7,7,6,7,10,13,18,18,17,17,18,6,6,6,6,5,5,5,5,5,6,6,6,7,10,14,17,17,16,17,19,6,6,5,5,5,5,5,4,3,4,6,7,9,12,15,17,17,16,16,18,5,5,5,5,6,6,6,5,4,5,6,8,10,12,14,17,16,16,16,17,2,3,4,8,13,18,32,45,52,46,46,42,36,32,32,29,20,13,11,9,3,3,4,7,9,21,42,61,58,41,43,40,40,38,33,27,19,14,12,10,3,3,4,5,6,11,28,58,50,39,39,39,39,38,33,26,18,14,12,10,3,3,5,5,5,7,17,44,44,36,33,32,34,35,32,24,17,14,12,11,3,3,4,5,5,6,14,31,36,27,25,28,29,30,28,22,17,14,13,11,4,3,4,5,5,8,13,22,25,23,20,25,27,25,25,20,17,14,13,12,4,3,4,5,7,8,12,18,22,20,17,23,25,24,23,19,16,15,14,13,4,3,5,6,7,9,12,15,19,18,16,20,22,23,23,19,15,15,15,14,4,4,5,7,8,9,11,12,14,14,13,17,20,21,21,19,15,14,14,13,4,4,5,7,8,8,10,11,12,13,11,14,17,20,21,20,16,15,14,13,4,4,5,7,8,9,10,9,9,11,10,12,15,17,19,21,18,15,15,14,4,4,5,7,9,9,9,8,9,10,9,10,13,15,18,21,18,15,15,17,4,4,6,7,8,9,9,8,9,9,8,9,11,14,17,20,19,16,14,15,4,5,7,8,8,8,9,8,8,8,8,8,10,12,16,19,20,16,14,14,5,6,7,7,7,8,8,7,7,8,8,8,8,12,14,18,19,17,15,14,5,6,7,7,7,7,7,6,7,7,7,7,8,10,13,17,18,17,16,14,6,6,6,6,6,6,6,6,7,7,7,7,7,10,13,17,17,17,17,18,6,6,6,5,5,5,5,5,5,6,6,6,8,10,13,17,17,16,16,18,6,6,5,5,5,5,5,4,4,5,6,7,9,11,14,17,16,15,16,17,5,5,5,5,5,6,5,4,4,5,6,8,9,11,14,16,16,15,16,17,2,2,4,8,13,18,32,42,44,42,40,35,30,27,27,25,18,11,10,9,3,3,4,6,9,17,37,57,52,39,40,35,34,31,27,23,16,12,11,10,3,3,4,4,5,11,27,56,51,39,38,37,36,33,29,23,16,13,12,10,3,3,4,4,4,7,17,44,46,38,35,32,33,32,29,23,16,14,12,11,3,3,4,4,5,6,13,30,34,29,29,30,29,30,27,22,17,15,13,12,3,3,4,5,5,7,12,19,23,23,24,27,27,26,25,20,17,15,13,12,4,3,4,5,6,8,10,15,21,20,19,24,25,24,24,20,16,15,14,13,4,3,4,6,7,8,10,13,18,18,17,20,22,22,23,19,15,15,14,13,4,4,5,7,7,8,10,10,13,15,14,17,20,21,22,20,14,13,14,13,4,4,5,7,7,8,9,9,11,12,11,13,17,19,20,20,16,14,14,13,4,4,5,7,8,8,9,8,8,11,10,12,14,16,18,21,18,15,14,14,4,4,5,7,8,9,8,8,8,10,9,10,13,14,16,20,19,15,15,16,4,4,6,7,8,9,8,8,8,9,8,9,11,13,16,20,19,15,14,15,4,5,6,7,8,8,8,8,8,8,8,9,10,12,15,19,19,16,14,13,5,6,7,7,8,8,8,7,7,7,8,9,9,11,13,18,18,16,14,13,5,6,7,7,7,7,6,6,7,7,7,